<?xml version="1.0" ?>
<AWD>
	<TASK><![CDATA[
		<createInstances xmlns="https://www.dsttechnologies.com/awd/rest/v1">
			<createInstance>
				<LOCK>FALSE</LOCK>
				<businessAreaName>SLSCOMP</businessAreaName>
				<typeName>MISC</typeName>
				<statusName>CREATED</statusName>
				<fieldValues>
					<fieldValue name="IDFY">
						<value>MANIKANNAN ARUMUGAM IS WORKING IN DOCVAULT PROJECT</value>
					</fieldValue>
					<fieldValue name="EMAL">
						<value>MANISHA IS WORKING IN BADEC RULE PROJECT</value>
					</fieldValue>
					<fieldValue name="SRCE">
						<value>JANISHA IS WORKING IN LOB TRUNCATE PROJECT</value>
					</fieldValue>
				</fieldValues>
				<createRelationships>
					<createRelationshipIds>DocVault.txt</createRelationshipIds>
				</createRelationships>
			</createInstance>
			<createSourceInstance relationshipID="DocVault.txt">
				<businessAreaName>POWERSPORT</businessAreaName>
				<typeName>IMAGE</typeName>
				<fieldValues>
					<fieldValue name="GUID">
						<value>SUDHA IS WORKING IN HOME PROJECT</value>
					</fieldValue>
					<fieldValue name="CLTS">
						<value>SELVI IS WORKING IN CLIENT PROJECT</value>
					</fieldValue>
				</fieldValues>
			</createSourceInstance>
			</createInstances>
		]]>
	</TASK>
	<SOURCE><![CDATA[
		<establishElectronicDocumentRequest>
			<documentDetail>
				<name>EmailBody.txt</name>
				<externalRefeence>AWF{DSGFDSGDFHGHKKPO[OOTRYERHGFMJHJ8674ETDGBNGFHKHJLIULLJK]}
				</externalRefeence>
			</documentDetail>
			<propertyInfo>
				<kind>
					<theValue>AWD</theValue>
				</kind>
			</propertyInfo>
		</establishElectronicDocumentRequest>
	]]></SOURCE>
</AWD>
