<?xml version="1.0" encoding="UTF-8" standalone="no"?>
<createInstances xmlns="https://www.dsttechnologies.com/awd/rest/v1">
			<createInstance>
				<LOCK>FALSE</LOCK>
				<businessAreaName>SLSCOMP</businessAreaName>
				<typeName>MISC</typeName>
				<statusName>CREATED</statusName>
				<fieldValues>
					<fieldValue name="IDFY">
						<value>MA</value>
					</fieldValue>
					<fieldValue name="EMAL">
						<value>MA</value>
					</fieldValue>
					<fieldValue name="SRCE">
						<value>JA</value>
					</fieldValue>
				</fieldValues>
				<createRelationships>
					<createRelationshipIds>DocVault.txt</createRelationshipIds>
				</createRelationships>
			</createInstance>
			<createSourceInstance relationshipID="DocVault.txt">
				<businessAreaName>POWERSPORT</businessAreaName>
				<typeName>IMAGE</typeName>
				<fieldValues>
					<fieldValue name="GUID">
						<value>SU</value>
					</fieldValue>
					<fieldValue name="CLTS">
						<value>SE</value>
					</fieldValue>
				</fieldValues>
			</createSourceInstance>
			</createInstances>
