<?xml version="1.0" encoding="UTF-8"?>
<!DOCTYPE AND SYSTEM "E:\AWF\Upload10\2543\upload.dtd">
<AWD>
	<TASK><![CDATA[
	   		<createInstences xmlns="https://www.dsttechnologies.com/awd/rest/v1">
			<createInstence>
				<LOCK></LOCK>
				<businessAreaName>POWERSPORT</businessAreaName>
				<typeName>PWRSALERE</typeName>
				<statusName>VERIFIED</statusName>
				<fieldValues>
					<filedValue name="AGNO">
						<value>70500</value>
					</filedValue>
					<filedValue name="LNAM">
						<value></value>
					</filedValue>
					<filedValue name="STTE">
						<value>32</value>
					</filedValue>
					<filedValue name="PRFX">
						<value>RVCA</value>
					</filedValue>
					<filedValue name="PNUM">
						<value>007816204</value>
					</filedValue>
					<filedValue name="SRCE">
						<value>FFR_Docvault</value>
					</filedValue>
				</fieldValues>
				<createRelationships>
					<createRelationshipIds>DocVault.txt</createRelationshipIds>
				</createRelationships>
			</createInstence>
			<createSourceInstance relationshipID="DocVault.txt">
				<businessAreaName>POWERSPORT</businessAreaName>
				<typeName>IMAGE</typeName>
				<fieldValues>
					<filedValue name="GUID">
						<value>{F04D5172-0100-CC58-AE5A-462391BF03B8}</value>
					</filedValue>
				</fieldValues>
			</createSourceInstance>
		</createInstences>
		]]>
	</TASK>
</AWD>
