<?xml version="1.0" encoding="UTF-8" standalone="no"?>
<AWD>
	<TASK><![CDATA[
		<createInstences xmlns="https://www.dsttechnologies.com/awd/rest/v1">
			<createInstence>
				<LOCK>FALSE</LOCK>
				<businessAreaName>SLSCOMP</businessAreaName>
				<typeName>MISC</typeName>
				<statusName>CREATED</statusName>
				<fieldValues>
					<filedValue name="IDFY">
						<value>FDSFGDSFDSSSSSSSSSSGJHHYUKIUOIUPOIPPPPPPPPPPPPPPPPPPPPPPPPPPPPPPPPP69871</value>
					</filedValue>
					<filedValue name="EMAL">
						<value></value>
					</filedValue>
					<filedValue name="SRCE">
						<value>DFDSFDSFDSFFDS</value>
					</filedValue>
				</fieldValues>
				<createRelationships>
					<createRelationshipIds>DocVault.txt</createRelationshipIds>
				</createRelationships>
			</createInstence>
			<createSourceInstance relationshipID="DocVault.txt">
				<businessAreaName>POWERSPORT</businessAreaName>
				<typeName>IMAGE</typeName>
				<fieldValues>
					<filedValue name="GUID">
						<value>FDSFGDSFDSSSSSSSSSSGJHHYUKIUOIUPOIPPPPPPPPPPPPPPPPPPPPPPPPPPPPPPPPP69871</value>
					</filedValue>
				</fieldValues>
			</createSourceInstance>
		</createInstences>
		]]>
	</TASK>
</AWD>
